"0","na.omit(submeter_data$DateTime)
"
"1","   [1]"
"1"," ""2007-01-01 00:00:00 CET"""
"1"," ""2007-01-01 00:01:00 CET"""
"1"," ""2007-01-01 00:02:00 CET"""
"1","
"
"1","   [4]"
"1"," ""2007-01-01 00:03:00 CET"""
"1"," ""2007-01-01 00:04:00 CET"""
"1"," ""2007-01-01 00:05:00 CET"""
"1","
"
"1","   [7]"
"1"," ""2007-01-01 00:06:00 CET"""
"1"," ""2007-01-01 00:07:00 CET"""
"1"," ""2007-01-01 00:08:00 CET"""
"1","
"
"1","  [10]"
"1"," ""2007-01-01 00:09:00 CET"""
"1"," ""2007-01-01 00:10:00 CET"""
"1"," ""2007-01-01 00:11:00 CET"""
"1","
"
"1","  [13]"
"1"," ""2007-01-01 00:12:00 CET"""
"1"," ""2007-01-01 00:13:00 CET"""
"1"," ""2007-01-01 00:14:00 CET"""
"1","
"
"1","  [16]"
"1"," ""2007-01-01 00:15:00 CET"""
"1"," ""2007-01-01 00:16:00 CET"""
"1"," ""2007-01-01 00:17:00 CET"""
"1","
"
"1","  [19]"
"1"," ""2007-01-01 00:18:00 CET"""
"1"," ""2007-01-01 00:19:00 CET"""
"1"," ""2007-01-01 00:20:00 CET"""
"1","
"
"1","  [22]"
"1"," ""2007-01-01 00:21:00 CET"""
"1"," ""2007-01-01 00:22:00 CET"""
"1"," ""2007-01-01 00:23:00 CET"""
"1","
"
"1","  [25]"
"1"," ""2007-01-01 00:24:00 CET"""
"1"," ""2007-01-01 00:25:00 CET"""
"1"," ""2007-01-01 00:26:00 CET"""
"1","
"
"1","  [28]"
"1"," ""2007-01-01 00:27:00 CET"""
"1"," ""2007-01-01 00:28:00 CET"""
"1"," ""2007-01-01 00:29:00 CET"""
"1","
"
"1","  [31]"
"1"," ""2007-01-01 00:30:00 CET"""
"1"," ""2007-01-01 00:31:00 CET"""
"1"," ""2007-01-01 00:32:00 CET"""
"1","
"
"1","  [34]"
"1"," ""2007-01-01 00:33:00 CET"""
"1"," ""2007-01-01 00:34:00 CET"""
"1"," ""2007-01-01 00:35:00 CET"""
"1","
"
"1","  [37]"
"1"," ""2007-01-01 00:36:00 CET"""
"1"," ""2007-01-01 00:37:00 CET"""
"1"," ""2007-01-01 00:38:00 CET"""
"1","
"
"1","  [40]"
"1"," ""2007-01-01 00:39:00 CET"""
"1"," ""2007-01-01 00:40:00 CET"""
"1"," ""2007-01-01 00:41:00 CET"""
"1","
"
"1","  [43]"
"1"," ""2007-01-01 00:42:00 CET"""
"1"," ""2007-01-01 00:43:00 CET"""
"1"," ""2007-01-01 00:44:00 CET"""
"1","
"
"1","  [46]"
"1"," ""2007-01-01 00:45:00 CET"""
"1"," ""2007-01-01 00:46:00 CET"""
"1"," ""2007-01-01 00:47:00 CET"""
"1","
"
"1","  [49]"
"1"," ""2007-01-01 00:48:00 CET"""
"1"," ""2007-01-01 00:49:00 CET"""
"1"," ""2007-01-01 00:50:00 CET"""
"1","
"
"1","  [52]"
"1"," ""2007-01-01 00:51:00 CET"""
"1"," ""2007-01-01 00:52:00 CET"""
"1"," ""2007-01-01 00:53:00 CET"""
"1","
"
"1","  [55]"
"1"," ""2007-01-01 00:54:00 CET"""
"1"," ""2007-01-01 00:55:00 CET"""
"1"," ""2007-01-01 00:56:00 CET"""
"1","
"
"1","  [58]"
"1"," ""2007-01-01 00:57:00 CET"""
"1"," ""2007-01-01 00:58:00 CET"""
"1"," ""2007-01-01 00:59:00 CET"""
"1","
"
"1","  [61]"
"1"," ""2007-01-01 01:00:00 CET"""
"1"," ""2007-01-01 01:01:00 CET"""
"1"," ""2007-01-01 01:02:00 CET"""
"1","
"
"1","  [64]"
"1"," ""2007-01-01 01:03:00 CET"""
"1"," ""2007-01-01 01:04:00 CET"""
"1"," ""2007-01-01 01:05:00 CET"""
"1","
"
"1","  [67]"
"1"," ""2007-01-01 01:06:00 CET"""
"1"," ""2007-01-01 01:07:00 CET"""
"1"," ""2007-01-01 01:08:00 CET"""
"1","
"
"1","  [70]"
"1"," ""2007-01-01 01:09:00 CET"""
"1"," ""2007-01-01 01:10:00 CET"""
"1"," ""2007-01-01 01:11:00 CET"""
"1","
"
"1","  [73]"
"1"," ""2007-01-01 01:12:00 CET"""
"1"," ""2007-01-01 01:13:00 CET"""
"1"," ""2007-01-01 01:14:00 CET"""
"1","
"
"1","  [76]"
"1"," ""2007-01-01 01:15:00 CET"""
"1"," ""2007-01-01 01:16:00 CET"""
"1"," ""2007-01-01 01:17:00 CET"""
"1","
"
"1","  [79]"
"1"," ""2007-01-01 01:18:00 CET"""
"1"," ""2007-01-01 01:19:00 CET"""
"1"," ""2007-01-01 01:20:00 CET"""
"1","
"
"1","  [82]"
"1"," ""2007-01-01 01:21:00 CET"""
"1"," ""2007-01-01 01:22:00 CET"""
"1"," ""2007-01-01 01:23:00 CET"""
"1","
"
"1","  [85]"
"1"," ""2007-01-01 01:24:00 CET"""
"1"," ""2007-01-01 01:25:00 CET"""
"1"," ""2007-01-01 01:26:00 CET"""
"1","
"
"1","  [88]"
"1"," ""2007-01-01 01:27:00 CET"""
"1"," ""2007-01-01 01:28:00 CET"""
"1"," ""2007-01-01 01:29:00 CET"""
"1","
"
"1","  [91]"
"1"," ""2007-01-01 01:30:00 CET"""
"1"," ""2007-01-01 01:31:00 CET"""
"1"," ""2007-01-01 01:32:00 CET"""
"1","
"
"1","  [94]"
"1"," ""2007-01-01 01:33:00 CET"""
"1"," ""2007-01-01 01:34:00 CET"""
"1"," ""2007-01-01 01:35:00 CET"""
"1","
"
"1","  [97]"
"1"," ""2007-01-01 01:36:00 CET"""
"1"," ""2007-01-01 01:37:00 CET"""
"1"," ""2007-01-01 01:38:00 CET"""
"1","
"
"1"," [100]"
"1"," ""2007-01-01 01:39:00 CET"""
"1"," ""2007-01-01 01:40:00 CET"""
"1"," ""2007-01-01 01:41:00 CET"""
"1","
"
"1"," [103]"
"1"," ""2007-01-01 01:42:00 CET"""
"1"," ""2007-01-01 01:43:00 CET"""
"1"," ""2007-01-01 01:44:00 CET"""
"1","
"
"1"," [106]"
"1"," ""2007-01-01 01:45:00 CET"""
"1"," ""2007-01-01 01:46:00 CET"""
"1"," ""2007-01-01 01:47:00 CET"""
"1","
"
"1"," [109]"
"1"," ""2007-01-01 01:48:00 CET"""
"1"," ""2007-01-01 01:49:00 CET"""
"1"," ""2007-01-01 01:50:00 CET"""
"1","
"
"1"," [112]"
"1"," ""2007-01-01 01:51:00 CET"""
"1"," ""2007-01-01 01:52:00 CET"""
"1"," ""2007-01-01 01:53:00 CET"""
"1","
"
"1"," [115]"
"1"," ""2007-01-01 01:54:00 CET"""
"1"," ""2007-01-01 01:55:00 CET"""
"1"," ""2007-01-01 01:56:00 CET"""
"1","
"
"1"," [118]"
"1"," ""2007-01-01 01:57:00 CET"""
"1"," ""2007-01-01 01:58:00 CET"""
"1"," ""2007-01-01 01:59:00 CET"""
"1","
"
"1"," [121]"
"1"," ""2007-01-01 02:00:00 CET"""
"1"," ""2007-01-01 02:01:00 CET"""
"1"," ""2007-01-01 02:02:00 CET"""
"1","
"
"1"," [124]"
"1"," ""2007-01-01 02:03:00 CET"""
"1"," ""2007-01-01 02:04:00 CET"""
"1"," ""2007-01-01 02:05:00 CET"""
"1","
"
"1"," [127]"
"1"," ""2007-01-01 02:06:00 CET"""
"1"," ""2007-01-01 02:07:00 CET"""
"1"," ""2007-01-01 02:08:00 CET"""
"1","
"
"1"," [130]"
"1"," ""2007-01-01 02:09:00 CET"""
"1"," ""2007-01-01 02:10:00 CET"""
"1"," ""2007-01-01 02:11:00 CET"""
"1","
"
"1"," [133]"
"1"," ""2007-01-01 02:12:00 CET"""
"1"," ""2007-01-01 02:13:00 CET"""
"1"," ""2007-01-01 02:14:00 CET"""
"1","
"
"1"," [136]"
"1"," ""2007-01-01 02:15:00 CET"""
"1"," ""2007-01-01 02:16:00 CET"""
"1"," ""2007-01-01 02:17:00 CET"""
"1","
"
"1"," [139]"
"1"," ""2007-01-01 02:18:00 CET"""
"1"," ""2007-01-01 02:19:00 CET"""
"1"," ""2007-01-01 02:20:00 CET"""
"1","
"
"1"," [142]"
"1"," ""2007-01-01 02:21:00 CET"""
"1"," ""2007-01-01 02:22:00 CET"""
"1"," ""2007-01-01 02:23:00 CET"""
"1","
"
"1"," [145]"
"1"," ""2007-01-01 02:24:00 CET"""
"1"," ""2007-01-01 02:25:00 CET"""
"1"," ""2007-01-01 02:26:00 CET"""
"1","
"
"1"," [148]"
"1"," ""2007-01-01 02:27:00 CET"""
"1"," ""2007-01-01 02:28:00 CET"""
"1"," ""2007-01-01 02:29:00 CET"""
"1","
"
"1"," [151]"
"1"," ""2007-01-01 02:30:00 CET"""
"1"," ""2007-01-01 02:31:00 CET"""
"1"," ""2007-01-01 02:32:00 CET"""
"1","
"
"1"," [154]"
"1"," ""2007-01-01 02:33:00 CET"""
"1"," ""2007-01-01 02:34:00 CET"""
"1"," ""2007-01-01 02:35:00 CET"""
"1","
"
"1"," [157]"
"1"," ""2007-01-01 02:36:00 CET"""
"1"," ""2007-01-01 02:37:00 CET"""
"1"," ""2007-01-01 02:38:00 CET"""
"1","
"
"1"," [160]"
"1"," ""2007-01-01 02:39:00 CET"""
"1"," ""2007-01-01 02:40:00 CET"""
"1"," ""2007-01-01 02:41:00 CET"""
"1","
"
"1"," [163]"
"1"," ""2007-01-01 02:42:00 CET"""
"1"," ""2007-01-01 02:43:00 CET"""
"1"," ""2007-01-01 02:44:00 CET"""
"1","
"
"1"," [166]"
"1"," ""2007-01-01 02:45:00 CET"""
"1"," ""2007-01-01 02:46:00 CET"""
"1"," ""2007-01-01 02:47:00 CET"""
"1","
"
"1"," [169]"
"1"," ""2007-01-01 02:48:00 CET"""
"1"," ""2007-01-01 02:49:00 CET"""
"1"," ""2007-01-01 02:50:00 CET"""
"1","
"
"1"," [172]"
"1"," ""2007-01-01 02:51:00 CET"""
"1"," ""2007-01-01 02:52:00 CET"""
"1"," ""2007-01-01 02:53:00 CET"""
"1","
"
"1"," [175]"
"1"," ""2007-01-01 02:54:00 CET"""
"1"," ""2007-01-01 02:55:00 CET"""
"1"," ""2007-01-01 02:56:00 CET"""
"1","
"
"1"," [178]"
"1"," ""2007-01-01 02:57:00 CET"""
"1"," ""2007-01-01 02:58:00 CET"""
"1"," ""2007-01-01 02:59:00 CET"""
"1","
"
"1"," [181]"
"1"," ""2007-01-01 03:00:00 CET"""
"1"," ""2007-01-01 03:01:00 CET"""
"1"," ""2007-01-01 03:02:00 CET"""
"1","
"
"1"," [184]"
"1"," ""2007-01-01 03:03:00 CET"""
"1"," ""2007-01-01 03:04:00 CET"""
"1"," ""2007-01-01 03:05:00 CET"""
"1","
"
"1"," [187]"
"1"," ""2007-01-01 03:06:00 CET"""
"1"," ""2007-01-01 03:07:00 CET"""
"1"," ""2007-01-01 03:08:00 CET"""
"1","
"
"1"," [190]"
"1"," ""2007-01-01 03:09:00 CET"""
"1"," ""2007-01-01 03:10:00 CET"""
"1"," ""2007-01-01 03:11:00 CET"""
"1","
"
"1"," [193]"
"1"," ""2007-01-01 03:12:00 CET"""
"1"," ""2007-01-01 03:13:00 CET"""
"1"," ""2007-01-01 03:14:00 CET"""
"1","
"
"1"," [196]"
"1"," ""2007-01-01 03:15:00 CET"""
"1"," ""2007-01-01 03:16:00 CET"""
"1"," ""2007-01-01 03:17:00 CET"""
"1","
"
"1"," [199]"
"1"," ""2007-01-01 03:18:00 CET"""
"1"," ""2007-01-01 03:19:00 CET"""
"1"," ""2007-01-01 03:20:00 CET"""
"1","
"
"1"," [202]"
"1"," ""2007-01-01 03:21:00 CET"""
"1"," ""2007-01-01 03:22:00 CET"""
"1"," ""2007-01-01 03:23:00 CET"""
"1","
"
"1"," [205]"
"1"," ""2007-01-01 03:24:00 CET"""
"1"," ""2007-01-01 03:25:00 CET"""
"1"," ""2007-01-01 03:26:00 CET"""
"1","
"
"1"," [208]"
"1"," ""2007-01-01 03:27:00 CET"""
"1"," ""2007-01-01 03:28:00 CET"""
"1"," ""2007-01-01 03:29:00 CET"""
"1","
"
"1"," [211]"
"1"," ""2007-01-01 03:30:00 CET"""
"1"," ""2007-01-01 03:31:00 CET"""
"1"," ""2007-01-01 03:32:00 CET"""
"1","
"
"1"," [214]"
"1"," ""2007-01-01 03:33:00 CET"""
"1"," ""2007-01-01 03:34:00 CET"""
"1"," ""2007-01-01 03:35:00 CET"""
"1","
"
"1"," [217]"
"1"," ""2007-01-01 03:36:00 CET"""
"1"," ""2007-01-01 03:37:00 CET"""
"1"," ""2007-01-01 03:38:00 CET"""
"1","
"
"1"," [220]"
"1"," ""2007-01-01 03:39:00 CET"""
"1"," ""2007-01-01 03:40:00 CET"""
"1"," ""2007-01-01 03:41:00 CET"""
"1","
"
"1"," [223]"
"1"," ""2007-01-01 03:42:00 CET"""
"1"," ""2007-01-01 03:43:00 CET"""
"1"," ""2007-01-01 03:44:00 CET"""
"1","
"
"1"," [226]"
"1"," ""2007-01-01 03:45:00 CET"""
"1"," ""2007-01-01 03:46:00 CET"""
"1"," ""2007-01-01 03:47:00 CET"""
"1","
"
"1"," [229]"
"1"," ""2007-01-01 03:48:00 CET"""
"1"," ""2007-01-01 03:49:00 CET"""
"1"," ""2007-01-01 03:50:00 CET"""
"1","
"
"1"," [232]"
"1"," ""2007-01-01 03:51:00 CET"""
"1"," ""2007-01-01 03:52:00 CET"""
"1"," ""2007-01-01 03:53:00 CET"""
"1","
"
"1"," [235]"
"1"," ""2007-01-01 03:54:00 CET"""
"1"," ""2007-01-01 03:55:00 CET"""
"1"," ""2007-01-01 03:56:00 CET"""
"1","
"
"1"," [238]"
"1"," ""2007-01-01 03:57:00 CET"""
"1"," ""2007-01-01 03:58:00 CET"""
"1"," ""2007-01-01 03:59:00 CET"""
"1","
"
"1"," [241]"
"1"," ""2007-01-01 04:00:00 CET"""
"1"," ""2007-01-01 04:01:00 CET"""
"1"," ""2007-01-01 04:02:00 CET"""
"1","
"
"1"," [244]"
"1"," ""2007-01-01 04:03:00 CET"""
"1"," ""2007-01-01 04:04:00 CET"""
"1"," ""2007-01-01 04:05:00 CET"""
"1","
"
"1"," [247]"
"1"," ""2007-01-01 04:06:00 CET"""
"1"," ""2007-01-01 04:07:00 CET"""
"1"," ""2007-01-01 04:08:00 CET"""
"1","
"
"1"," [250]"
"1"," ""2007-01-01 04:09:00 CET"""
"1"," ""2007-01-01 04:10:00 CET"""
"1"," ""2007-01-01 04:11:00 CET"""
"1","
"
"1"," [253]"
"1"," ""2007-01-01 04:12:00 CET"""
"1"," ""2007-01-01 04:13:00 CET"""
"1"," ""2007-01-01 04:14:00 CET"""
"1","
"
"1"," [256]"
"1"," ""2007-01-01 04:15:00 CET"""
"1"," ""2007-01-01 04:16:00 CET"""
"1"," ""2007-01-01 04:17:00 CET"""
"1","
"
"1"," [259]"
"1"," ""2007-01-01 04:18:00 CET"""
"1"," ""2007-01-01 04:19:00 CET"""
"1"," ""2007-01-01 04:20:00 CET"""
"1","
"
"1"," [262]"
"1"," ""2007-01-01 04:21:00 CET"""
"1"," ""2007-01-01 04:22:00 CET"""
"1"," ""2007-01-01 04:23:00 CET"""
"1","
"
"1"," [265]"
"1"," ""2007-01-01 04:24:00 CET"""
"1"," ""2007-01-01 04:25:00 CET"""
"1"," ""2007-01-01 04:26:00 CET"""
"1","
"
"1"," [268]"
"1"," ""2007-01-01 04:27:00 CET"""
"1"," ""2007-01-01 04:28:00 CET"""
"1"," ""2007-01-01 04:29:00 CET"""
"1","
"
"1"," [271]"
"1"," ""2007-01-01 04:30:00 CET"""
"1"," ""2007-01-01 04:31:00 CET"""
"1"," ""2007-01-01 04:32:00 CET"""
"1","
"
"1"," [274]"
"1"," ""2007-01-01 04:33:00 CET"""
"1"," ""2007-01-01 04:34:00 CET"""
"1"," ""2007-01-01 04:35:00 CET"""
"1","
"
"1"," [277]"
"1"," ""2007-01-01 04:36:00 CET"""
"1"," ""2007-01-01 04:37:00 CET"""
"1"," ""2007-01-01 04:38:00 CET"""
"1","
"
"1"," [280]"
"1"," ""2007-01-01 04:39:00 CET"""
"1"," ""2007-01-01 04:40:00 CET"""
"1"," ""2007-01-01 04:41:00 CET"""
"1","
"
"1"," [283]"
"1"," ""2007-01-01 04:42:00 CET"""
"1"," ""2007-01-01 04:43:00 CET"""
"1"," ""2007-01-01 04:44:00 CET"""
"1","
"
"1"," [286]"
"1"," ""2007-01-01 04:45:00 CET"""
"1"," ""2007-01-01 04:46:00 CET"""
"1"," ""2007-01-01 04:47:00 CET"""
"1","
"
"1"," [289]"
"1"," ""2007-01-01 04:48:00 CET"""
"1"," ""2007-01-01 04:49:00 CET"""
"1"," ""2007-01-01 04:50:00 CET"""
"1","
"
"1"," [292]"
"1"," ""2007-01-01 04:51:00 CET"""
"1"," ""2007-01-01 04:52:00 CET"""
"1"," ""2007-01-01 04:53:00 CET"""
"1","
"
"1"," [295]"
"1"," ""2007-01-01 04:54:00 CET"""
"1"," ""2007-01-01 04:55:00 CET"""
"1"," ""2007-01-01 04:56:00 CET"""
"1","
"
"1"," [298]"
"1"," ""2007-01-01 04:57:00 CET"""
"1"," ""2007-01-01 04:58:00 CET"""
"1"," ""2007-01-01 04:59:00 CET"""
"1","
"
"1"," [301]"
"1"," ""2007-01-01 05:00:00 CET"""
"1"," ""2007-01-01 05:01:00 CET"""
"1"," ""2007-01-01 05:02:00 CET"""
"1","
"
"1"," [304]"
"1"," ""2007-01-01 05:03:00 CET"""
"1"," ""2007-01-01 05:04:00 CET"""
"1"," ""2007-01-01 05:05:00 CET"""
"1","
"
"1"," [307]"
"1"," ""2007-01-01 05:06:00 CET"""
"1"," ""2007-01-01 05:07:00 CET"""
"1"," ""2007-01-01 05:08:00 CET"""
"1","
"
"1"," [310]"
"1"," ""2007-01-01 05:09:00 CET"""
"1"," ""2007-01-01 05:10:00 CET"""
"1"," ""2007-01-01 05:11:00 CET"""
"1","
"
"1"," [313]"
"1"," ""2007-01-01 05:12:00 CET"""
"1"," ""2007-01-01 05:13:00 CET"""
"1"," ""2007-01-01 05:14:00 CET"""
"1","
"
"1"," [316]"
"1"," ""2007-01-01 05:15:00 CET"""
"1"," ""2007-01-01 05:16:00 CET"""
"1"," ""2007-01-01 05:17:00 CET"""
"1","
"
"1"," [319]"
"1"," ""2007-01-01 05:18:00 CET"""
"1"," ""2007-01-01 05:19:00 CET"""
"1"," ""2007-01-01 05:20:00 CET"""
"1","
"
"1"," [322]"
"1"," ""2007-01-01 05:21:00 CET"""
"1"," ""2007-01-01 05:22:00 CET"""
"1"," ""2007-01-01 05:23:00 CET"""
"1","
"
"1"," [325]"
"1"," ""2007-01-01 05:24:00 CET"""
"1"," ""2007-01-01 05:25:00 CET"""
"1"," ""2007-01-01 05:26:00 CET"""
"1","
"
"1"," [328]"
"1"," ""2007-01-01 05:27:00 CET"""
"1"," ""2007-01-01 05:28:00 CET"""
"1"," ""2007-01-01 05:29:00 CET"""
"1","
"
"1"," [331]"
"1"," ""2007-01-01 05:30:00 CET"""
"1"," ""2007-01-01 05:31:00 CET"""
"1"," ""2007-01-01 05:32:00 CET"""
"1","
"
"1"," [334]"
"1"," ""2007-01-01 05:33:00 CET"""
"1"," ""2007-01-01 05:34:00 CET"""
"1"," ""2007-01-01 05:35:00 CET"""
"1","
"
"1"," [337]"
"1"," ""2007-01-01 05:36:00 CET"""
"1"," ""2007-01-01 05:37:00 CET"""
"1"," ""2007-01-01 05:38:00 CET"""
"1","
"
"1"," [340]"
"1"," ""2007-01-01 05:39:00 CET"""
"1"," ""2007-01-01 05:40:00 CET"""
"1"," ""2007-01-01 05:41:00 CET"""
"1","
"
"1"," [343]"
"1"," ""2007-01-01 05:42:00 CET"""
"1"," ""2007-01-01 05:43:00 CET"""
"1"," ""2007-01-01 05:44:00 CET"""
"1","
"
"1"," [346]"
"1"," ""2007-01-01 05:45:00 CET"""
"1"," ""2007-01-01 05:46:00 CET"""
"1"," ""2007-01-01 05:47:00 CET"""
"1","
"
"1"," [349]"
"1"," ""2007-01-01 05:48:00 CET"""
"1"," ""2007-01-01 05:49:00 CET"""
"1"," ""2007-01-01 05:50:00 CET"""
"1","
"
"1"," [352]"
"1"," ""2007-01-01 05:51:00 CET"""
"1"," ""2007-01-01 05:52:00 CET"""
"1"," ""2007-01-01 05:53:00 CET"""
"1","
"
"1"," [355]"
"1"," ""2007-01-01 05:54:00 CET"""
"1"," ""2007-01-01 05:55:00 CET"""
"1"," ""2007-01-01 05:56:00 CET"""
"1","
"
"1"," [358]"
"1"," ""2007-01-01 05:57:00 CET"""
"1"," ""2007-01-01 05:58:00 CET"""
"1"," ""2007-01-01 05:59:00 CET"""
"1","
"
"1"," [361]"
"1"," ""2007-01-01 06:00:00 CET"""
"1"," ""2007-01-01 06:01:00 CET"""
"1"," ""2007-01-01 06:02:00 CET"""
"1","
"
"1"," [364]"
"1"," ""2007-01-01 06:03:00 CET"""
"1"," ""2007-01-01 06:04:00 CET"""
"1"," ""2007-01-01 06:05:00 CET"""
"1","
"
"1"," [367]"
"1"," ""2007-01-01 06:06:00 CET"""
"1"," ""2007-01-01 06:07:00 CET"""
"1"," ""2007-01-01 06:08:00 CET"""
"1","
"
"1"," [370]"
"1"," ""2007-01-01 06:09:00 CET"""
"1"," ""2007-01-01 06:10:00 CET"""
"1"," ""2007-01-01 06:11:00 CET"""
"1","
"
"1"," [373]"
"1"," ""2007-01-01 06:12:00 CET"""
"1"," ""2007-01-01 06:13:00 CET"""
"1"," ""2007-01-01 06:14:00 CET"""
"1","
"
"1"," [376]"
"1"," ""2007-01-01 06:15:00 CET"""
"1"," ""2007-01-01 06:16:00 CET"""
"1"," ""2007-01-01 06:17:00 CET"""
"1","
"
"1"," [379]"
"1"," ""2007-01-01 06:18:00 CET"""
"1"," ""2007-01-01 06:19:00 CET"""
"1"," ""2007-01-01 06:20:00 CET"""
"1","
"
"1"," [382]"
"1"," ""2007-01-01 06:21:00 CET"""
"1"," ""2007-01-01 06:22:00 CET"""
"1"," ""2007-01-01 06:23:00 CET"""
"1","
"
"1"," [385]"
"1"," ""2007-01-01 06:24:00 CET"""
"1"," ""2007-01-01 06:25:00 CET"""
"1"," ""2007-01-01 06:26:00 CET"""
"1","
"
"1"," [388]"
"1"," ""2007-01-01 06:27:00 CET"""
"1"," ""2007-01-01 06:28:00 CET"""
"1"," ""2007-01-01 06:29:00 CET"""
"1","
"
"1"," [391]"
"1"," ""2007-01-01 06:30:00 CET"""
"1"," ""2007-01-01 06:31:00 CET"""
"1"," ""2007-01-01 06:32:00 CET"""
"1","
"
"1"," [394]"
"1"," ""2007-01-01 06:33:00 CET"""
"1"," ""2007-01-01 06:34:00 CET"""
"1"," ""2007-01-01 06:35:00 CET"""
"1","
"
"1"," [397]"
"1"," ""2007-01-01 06:36:00 CET"""
"1"," ""2007-01-01 06:37:00 CET"""
"1"," ""2007-01-01 06:38:00 CET"""
"1","
"
"1"," [400]"
"1"," ""2007-01-01 06:39:00 CET"""
"1"," ""2007-01-01 06:40:00 CET"""
"1"," ""2007-01-01 06:41:00 CET"""
"1","
"
"1"," [403]"
"1"," ""2007-01-01 06:42:00 CET"""
"1"," ""2007-01-01 06:43:00 CET"""
"1"," ""2007-01-01 06:44:00 CET"""
"1","
"
"1"," [406]"
"1"," ""2007-01-01 06:45:00 CET"""
"1"," ""2007-01-01 06:46:00 CET"""
"1"," ""2007-01-01 06:47:00 CET"""
"1","
"
"1"," [409]"
"1"," ""2007-01-01 06:48:00 CET"""
"1"," ""2007-01-01 06:49:00 CET"""
"1"," ""2007-01-01 06:50:00 CET"""
"1","
"
"1"," [412]"
"1"," ""2007-01-01 06:51:00 CET"""
"1"," ""2007-01-01 06:52:00 CET"""
"1"," ""2007-01-01 06:53:00 CET"""
"1","
"
"1"," [415]"
"1"," ""2007-01-01 06:54:00 CET"""
"1"," ""2007-01-01 06:55:00 CET"""
"1"," ""2007-01-01 06:56:00 CET"""
"1","
"
"1"," [418]"
"1"," ""2007-01-01 06:57:00 CET"""
"1"," ""2007-01-01 06:58:00 CET"""
"1"," ""2007-01-01 06:59:00 CET"""
"1","
"
"1"," [421]"
"1"," ""2007-01-01 07:00:00 CET"""
"1"," ""2007-01-01 07:01:00 CET"""
"1"," ""2007-01-01 07:02:00 CET"""
"1","
"
"1"," [424]"
"1"," ""2007-01-01 07:03:00 CET"""
"1"," ""2007-01-01 07:04:00 CET"""
"1"," ""2007-01-01 07:05:00 CET"""
"1","
"
"1"," [427]"
"1"," ""2007-01-01 07:06:00 CET"""
"1"," ""2007-01-01 07:07:00 CET"""
"1"," ""2007-01-01 07:08:00 CET"""
"1","
"
"1"," [430]"
"1"," ""2007-01-01 07:09:00 CET"""
"1"," ""2007-01-01 07:10:00 CET"""
"1"," ""2007-01-01 07:11:00 CET"""
"1","
"
"1"," [433]"
"1"," ""2007-01-01 07:12:00 CET"""
"1"," ""2007-01-01 07:13:00 CET"""
"1"," ""2007-01-01 07:14:00 CET"""
"1","
"
"1"," [436]"
"1"," ""2007-01-01 07:15:00 CET"""
"1"," ""2007-01-01 07:16:00 CET"""
"1"," ""2007-01-01 07:17:00 CET"""
"1","
"
"1"," [439]"
"1"," ""2007-01-01 07:18:00 CET"""
"1"," ""2007-01-01 07:19:00 CET"""
"1"," ""2007-01-01 07:20:00 CET"""
"1","
"
"1"," [442]"
"1"," ""2007-01-01 07:21:00 CET"""
"1"," ""2007-01-01 07:22:00 CET"""
"1"," ""2007-01-01 07:23:00 CET"""
"1","
"
"1"," [445]"
"1"," ""2007-01-01 07:24:00 CET"""
"1"," ""2007-01-01 07:25:00 CET"""
"1"," ""2007-01-01 07:26:00 CET"""
"1","
"
"1"," [448]"
"1"," ""2007-01-01 07:27:00 CET"""
"1"," ""2007-01-01 07:28:00 CET"""
"1"," ""2007-01-01 07:29:00 CET"""
"1","
"
"1"," [451]"
"1"," ""2007-01-01 07:30:00 CET"""
"1"," ""2007-01-01 07:31:00 CET"""
"1"," ""2007-01-01 07:32:00 CET"""
"1","
"
"1"," [454]"
"1"," ""2007-01-01 07:33:00 CET"""
"1"," ""2007-01-01 07:34:00 CET"""
"1"," ""2007-01-01 07:35:00 CET"""
"1","
"
"1"," [457]"
"1"," ""2007-01-01 07:36:00 CET"""
"1"," ""2007-01-01 07:37:00 CET"""
"1"," ""2007-01-01 07:38:00 CET"""
"1","
"
"1"," [460]"
"1"," ""2007-01-01 07:39:00 CET"""
"1"," ""2007-01-01 07:40:00 CET"""
"1"," ""2007-01-01 07:41:00 CET"""
"1","
"
"1"," [463]"
"1"," ""2007-01-01 07:42:00 CET"""
"1"," ""2007-01-01 07:43:00 CET"""
"1"," ""2007-01-01 07:44:00 CET"""
"1","
"
"1"," [466]"
"1"," ""2007-01-01 07:45:00 CET"""
"1"," ""2007-01-01 07:46:00 CET"""
"1"," ""2007-01-01 07:47:00 CET"""
"1","
"
"1"," [469]"
"1"," ""2007-01-01 07:48:00 CET"""
"1"," ""2007-01-01 07:49:00 CET"""
"1"," ""2007-01-01 07:50:00 CET"""
"1","
"
"1"," [472]"
"1"," ""2007-01-01 07:51:00 CET"""
"1"," ""2007-01-01 07:52:00 CET"""
"1"," ""2007-01-01 07:53:00 CET"""
"1","
"
"1"," [475]"
"1"," ""2007-01-01 07:54:00 CET"""
"1"," ""2007-01-01 07:55:00 CET"""
"1"," ""2007-01-01 07:56:00 CET"""
"1","
"
"1"," [478]"
"1"," ""2007-01-01 07:57:00 CET"""
"1"," ""2007-01-01 07:58:00 CET"""
"1"," ""2007-01-01 07:59:00 CET"""
"1","
"
"1"," [481]"
"1"," ""2007-01-01 08:00:00 CET"""
"1"," ""2007-01-01 08:01:00 CET"""
"1"," ""2007-01-01 08:02:00 CET"""
"1","
"
"1"," [484]"
"1"," ""2007-01-01 08:03:00 CET"""
"1"," ""2007-01-01 08:04:00 CET"""
"1"," ""2007-01-01 08:05:00 CET"""
"1","
"
"1"," [487]"
"1"," ""2007-01-01 08:06:00 CET"""
"1"," ""2007-01-01 08:07:00 CET"""
"1"," ""2007-01-01 08:08:00 CET"""
"1","
"
"1"," [490]"
"1"," ""2007-01-01 08:09:00 CET"""
"1"," ""2007-01-01 08:10:00 CET"""
"1"," ""2007-01-01 08:11:00 CET"""
"1","
"
"1"," [493]"
"1"," ""2007-01-01 08:12:00 CET"""
"1"," ""2007-01-01 08:13:00 CET"""
"1"," ""2007-01-01 08:14:00 CET"""
"1","
"
"1"," [496]"
"1"," ""2007-01-01 08:15:00 CET"""
"1"," ""2007-01-01 08:16:00 CET"""
"1"," ""2007-01-01 08:17:00 CET"""
"1","
"
"1"," [499]"
"1"," ""2007-01-01 08:18:00 CET"""
"1"," ""2007-01-01 08:19:00 CET"""
"1"," ""2007-01-01 08:20:00 CET"""
"1","
"
"1"," [502]"
"1"," ""2007-01-01 08:21:00 CET"""
"1"," ""2007-01-01 08:22:00 CET"""
"1"," ""2007-01-01 08:23:00 CET"""
"1","
"
"1"," [505]"
"1"," ""2007-01-01 08:24:00 CET"""
"1"," ""2007-01-01 08:25:00 CET"""
"1"," ""2007-01-01 08:26:00 CET"""
"1","
"
"1"," [508]"
"1"," ""2007-01-01 08:27:00 CET"""
"1"," ""2007-01-01 08:28:00 CET"""
"1"," ""2007-01-01 08:29:00 CET"""
"1","
"
"1"," [511]"
"1"," ""2007-01-01 08:30:00 CET"""
"1"," ""2007-01-01 08:31:00 CET"""
"1"," ""2007-01-01 08:32:00 CET"""
"1","
"
"1"," [514]"
"1"," ""2007-01-01 08:33:00 CET"""
"1"," ""2007-01-01 08:34:00 CET"""
"1"," ""2007-01-01 08:35:00 CET"""
"1","
"
"1"," [517]"
"1"," ""2007-01-01 08:36:00 CET"""
"1"," ""2007-01-01 08:37:00 CET"""
"1"," ""2007-01-01 08:38:00 CET"""
"1","
"
"1"," [520]"
"1"," ""2007-01-01 08:39:00 CET"""
"1"," ""2007-01-01 08:40:00 CET"""
"1"," ""2007-01-01 08:41:00 CET"""
"1","
"
"1"," [523]"
"1"," ""2007-01-01 08:42:00 CET"""
"1"," ""2007-01-01 08:43:00 CET"""
"1"," ""2007-01-01 08:44:00 CET"""
"1","
"
"1"," [526]"
"1"," ""2007-01-01 08:45:00 CET"""
"1"," ""2007-01-01 08:46:00 CET"""
"1"," ""2007-01-01 08:47:00 CET"""
"1","
"
"1"," [529]"
"1"," ""2007-01-01 08:48:00 CET"""
"1"," ""2007-01-01 08:49:00 CET"""
"1"," ""2007-01-01 08:50:00 CET"""
"1","
"
"1"," [532]"
"1"," ""2007-01-01 08:51:00 CET"""
"1"," ""2007-01-01 08:52:00 CET"""
"1"," ""2007-01-01 08:53:00 CET"""
"1","
"
"1"," [535]"
"1"," ""2007-01-01 08:54:00 CET"""
"1"," ""2007-01-01 08:55:00 CET"""
"1"," ""2007-01-01 08:56:00 CET"""
"1","
"
"1"," [538]"
"1"," ""2007-01-01 08:57:00 CET"""
"1"," ""2007-01-01 08:58:00 CET"""
"1"," ""2007-01-01 08:59:00 CET"""
"1","
"
"1"," [541]"
"1"," ""2007-01-01 09:00:00 CET"""
"1"," ""2007-01-01 09:01:00 CET"""
"1"," ""2007-01-01 09:02:00 CET"""
"1","
"
"1"," [544]"
"1"," ""2007-01-01 09:03:00 CET"""
"1"," ""2007-01-01 09:04:00 CET"""
"1"," ""2007-01-01 09:05:00 CET"""
"1","
"
"1"," [547]"
"1"," ""2007-01-01 09:06:00 CET"""
"1"," ""2007-01-01 09:07:00 CET"""
"1"," ""2007-01-01 09:08:00 CET"""
"1","
"
"1"," [550]"
"1"," ""2007-01-01 09:09:00 CET"""
"1"," ""2007-01-01 09:10:00 CET"""
"1"," ""2007-01-01 09:11:00 CET"""
"1","
"
"1"," [553]"
"1"," ""2007-01-01 09:12:00 CET"""
"1"," ""2007-01-01 09:13:00 CET"""
"1"," ""2007-01-01 09:14:00 CET"""
"1","
"
"1"," [556]"
"1"," ""2007-01-01 09:15:00 CET"""
"1"," ""2007-01-01 09:16:00 CET"""
"1"," ""2007-01-01 09:17:00 CET"""
"1","
"
"1"," [559]"
"1"," ""2007-01-01 09:18:00 CET"""
"1"," ""2007-01-01 09:19:00 CET"""
"1"," ""2007-01-01 09:20:00 CET"""
"1","
"
"1"," [562]"
"1"," ""2007-01-01 09:21:00 CET"""
"1"," ""2007-01-01 09:22:00 CET"""
"1"," ""2007-01-01 09:23:00 CET"""
"1","
"
"1"," [565]"
"1"," ""2007-01-01 09:24:00 CET"""
"1"," ""2007-01-01 09:25:00 CET"""
"1"," ""2007-01-01 09:26:00 CET"""
"1","
"
"1"," [568]"
"1"," ""2007-01-01 09:27:00 CET"""
"1"," ""2007-01-01 09:28:00 CET"""
"1"," ""2007-01-01 09:29:00 CET"""
"1","
"
"1"," [571]"
"1"," ""2007-01-01 09:30:00 CET"""
"1"," ""2007-01-01 09:31:00 CET"""
"1"," ""2007-01-01 09:32:00 CET"""
"1","
"
"1"," [574]"
"1"," ""2007-01-01 09:33:00 CET"""
"1"," ""2007-01-01 09:34:00 CET"""
"1"," ""2007-01-01 09:35:00 CET"""
"1","
"
"1"," [577]"
"1"," ""2007-01-01 09:36:00 CET"""
"1"," ""2007-01-01 09:37:00 CET"""
"1"," ""2007-01-01 09:38:00 CET"""
"1","
"
"1"," [580]"
"1"," ""2007-01-01 09:39:00 CET"""
"1"," ""2007-01-01 09:40:00 CET"""
"1"," ""2007-01-01 09:41:00 CET"""
"1","
"
"1"," [583]"
"1"," ""2007-01-01 09:42:00 CET"""
"1"," ""2007-01-01 09:43:00 CET"""
"1"," ""2007-01-01 09:44:00 CET"""
"1","
"
"1"," [586]"
"1"," ""2007-01-01 09:45:00 CET"""
"1"," ""2007-01-01 09:46:00 CET"""
"1"," ""2007-01-01 09:47:00 CET"""
"1","
"
"1"," [589]"
"1"," ""2007-01-01 09:48:00 CET"""
"1"," ""2007-01-01 09:49:00 CET"""
"1"," ""2007-01-01 09:50:00 CET"""
"1","
"
"1"," [592]"
"1"," ""2007-01-01 09:51:00 CET"""
"1"," ""2007-01-01 09:52:00 CET"""
"1"," ""2007-01-01 09:53:00 CET"""
"1","
"
"1"," [595]"
"1"," ""2007-01-01 09:54:00 CET"""
"1"," ""2007-01-01 09:55:00 CET"""
"1"," ""2007-01-01 09:56:00 CET"""
"1","
"
"1"," [598]"
"1"," ""2007-01-01 09:57:00 CET"""
"1"," ""2007-01-01 09:58:00 CET"""
"1"," ""2007-01-01 09:59:00 CET"""
"1","
"
"1"," [601]"
"1"," ""2007-01-01 10:00:00 CET"""
"1"," ""2007-01-01 10:01:00 CET"""
"1"," ""2007-01-01 10:02:00 CET"""
"1","
"
"1"," [604]"
"1"," ""2007-01-01 10:03:00 CET"""
"1"," ""2007-01-01 10:04:00 CET"""
"1"," ""2007-01-01 10:05:00 CET"""
"1","
"
"1"," [607]"
"1"," ""2007-01-01 10:06:00 CET"""
"1"," ""2007-01-01 10:07:00 CET"""
"1"," ""2007-01-01 10:08:00 CET"""
"1","
"
"1"," [610]"
"1"," ""2007-01-01 10:09:00 CET"""
"1"," ""2007-01-01 10:10:00 CET"""
"1"," ""2007-01-01 10:11:00 CET"""
"1","
"
"1"," [613]"
"1"," ""2007-01-01 10:12:00 CET"""
"1"," ""2007-01-01 10:13:00 CET"""
"1"," ""2007-01-01 10:14:00 CET"""
"1","
"
"1"," [616]"
"1"," ""2007-01-01 10:15:00 CET"""
"1"," ""2007-01-01 10:16:00 CET"""
"1"," ""2007-01-01 10:17:00 CET"""
"1","
"
"1"," [619]"
"1"," ""2007-01-01 10:18:00 CET"""
"1"," ""2007-01-01 10:19:00 CET"""
"1"," ""2007-01-01 10:20:00 CET"""
"1","
"
"1"," [622]"
"1"," ""2007-01-01 10:21:00 CET"""
"1"," ""2007-01-01 10:22:00 CET"""
"1"," ""2007-01-01 10:23:00 CET"""
"1","
"
"1"," [625]"
"1"," ""2007-01-01 10:24:00 CET"""
"1"," ""2007-01-01 10:25:00 CET"""
"1"," ""2007-01-01 10:26:00 CET"""
"1","
"
"1"," [628]"
"1"," ""2007-01-01 10:27:00 CET"""
"1"," ""2007-01-01 10:28:00 CET"""
"1"," ""2007-01-01 10:29:00 CET"""
"1","
"
"1"," [631]"
"1"," ""2007-01-01 10:30:00 CET"""
"1"," ""2007-01-01 10:31:00 CET"""
"1"," ""2007-01-01 10:32:00 CET"""
"1","
"
"1"," [634]"
"1"," ""2007-01-01 10:33:00 CET"""
"1"," ""2007-01-01 10:34:00 CET"""
"1"," ""2007-01-01 10:35:00 CET"""
"1","
"
"1"," [637]"
"1"," ""2007-01-01 10:36:00 CET"""
"1"," ""2007-01-01 10:37:00 CET"""
"1"," ""2007-01-01 10:38:00 CET"""
"1","
"
"1"," [640]"
"1"," ""2007-01-01 10:39:00 CET"""
"1"," ""2007-01-01 10:40:00 CET"""
"1"," ""2007-01-01 10:41:00 CET"""
"1","
"
"1"," [643]"
"1"," ""2007-01-01 10:42:00 CET"""
"1"," ""2007-01-01 10:43:00 CET"""
"1"," ""2007-01-01 10:44:00 CET"""
"1","
"
"1"," [646]"
"1"," ""2007-01-01 10:45:00 CET"""
"1"," ""2007-01-01 10:46:00 CET"""
"1"," ""2007-01-01 10:47:00 CET"""
"1","
"
"1"," [649]"
"1"," ""2007-01-01 10:48:00 CET"""
"1"," ""2007-01-01 10:49:00 CET"""
"1"," ""2007-01-01 10:50:00 CET"""
"1","
"
"1"," [652]"
"1"," ""2007-01-01 10:51:00 CET"""
"1"," ""2007-01-01 10:52:00 CET"""
"1"," ""2007-01-01 10:53:00 CET"""
"1","
"
"1"," [655]"
"1"," ""2007-01-01 10:54:00 CET"""
"1"," ""2007-01-01 10:55:00 CET"""
"1"," ""2007-01-01 10:56:00 CET"""
"1","
"
"1"," [658]"
"1"," ""2007-01-01 10:57:00 CET"""
"1"," ""2007-01-01 10:58:00 CET"""
"1"," ""2007-01-01 10:59:00 CET"""
"1","
"
"1"," [661]"
"1"," ""2007-01-01 11:00:00 CET"""
"1"," ""2007-01-01 11:01:00 CET"""
"1"," ""2007-01-01 11:02:00 CET"""
"1","
"
"1"," [664]"
"1"," ""2007-01-01 11:03:00 CET"""
"1"," ""2007-01-01 11:04:00 CET"""
"1"," ""2007-01-01 11:05:00 CET"""
"1","
"
"1"," [667]"
"1"," ""2007-01-01 11:06:00 CET"""
"1"," ""2007-01-01 11:07:00 CET"""
"1"," ""2007-01-01 11:08:00 CET"""
"1","
"
"1"," [670]"
"1"," ""2007-01-01 11:09:00 CET"""
"1"," ""2007-01-01 11:10:00 CET"""
"1"," ""2007-01-01 11:11:00 CET"""
"1","
"
"1"," [673]"
"1"," ""2007-01-01 11:12:00 CET"""
"1"," ""2007-01-01 11:13:00 CET"""
"1"," ""2007-01-01 11:14:00 CET"""
"1","
"
"1"," [676]"
"1"," ""2007-01-01 11:15:00 CET"""
"1"," ""2007-01-01 11:16:00 CET"""
"1"," ""2007-01-01 11:17:00 CET"""
"1","
"
"1"," [679]"
"1"," ""2007-01-01 11:18:00 CET"""
"1"," ""2007-01-01 11:19:00 CET"""
"1"," ""2007-01-01 11:20:00 CET"""
"1","
"
"1"," [682]"
"1"," ""2007-01-01 11:21:00 CET"""
"1"," ""2007-01-01 11:22:00 CET"""
"1"," ""2007-01-01 11:23:00 CET"""
"1","
"
"1"," [685]"
"1"," ""2007-01-01 11:24:00 CET"""
"1"," ""2007-01-01 11:25:00 CET"""
"1"," ""2007-01-01 11:26:00 CET"""
"1","
"
"1"," [688]"
"1"," ""2007-01-01 11:27:00 CET"""
"1"," ""2007-01-01 11:28:00 CET"""
"1"," ""2007-01-01 11:29:00 CET"""
"1","
"
"1"," [691]"
"1"," ""2007-01-01 11:30:00 CET"""
"1"," ""2007-01-01 11:31:00 CET"""
"1"," ""2007-01-01 11:32:00 CET"""
"1","
"
"1"," [694]"
"1"," ""2007-01-01 11:33:00 CET"""
"1"," ""2007-01-01 11:34:00 CET"""
"1"," ""2007-01-01 11:35:00 CET"""
"1","
"
"1"," [697]"
"1"," ""2007-01-01 11:36:00 CET"""
"1"," ""2007-01-01 11:37:00 CET"""
"1"," ""2007-01-01 11:38:00 CET"""
"1","
"
"1"," [700]"
"1"," ""2007-01-01 11:39:00 CET"""
"1"," ""2007-01-01 11:40:00 CET"""
"1"," ""2007-01-01 11:41:00 CET"""
"1","
"
"1"," [703]"
"1"," ""2007-01-01 11:42:00 CET"""
"1"," ""2007-01-01 11:43:00 CET"""
"1"," ""2007-01-01 11:44:00 CET"""
"1","
"
"1"," [706]"
"1"," ""2007-01-01 11:45:00 CET"""
"1"," ""2007-01-01 11:46:00 CET"""
"1"," ""2007-01-01 11:47:00 CET"""
"1","
"
"1"," [709]"
"1"," ""2007-01-01 11:48:00 CET"""
"1"," ""2007-01-01 11:49:00 CET"""
"1"," ""2007-01-01 11:50:00 CET"""
"1","
"
"1"," [712]"
"1"," ""2007-01-01 11:51:00 CET"""
"1"," ""2007-01-01 11:52:00 CET"""
"1"," ""2007-01-01 11:53:00 CET"""
"1","
"
"1"," [715]"
"1"," ""2007-01-01 11:54:00 CET"""
"1"," ""2007-01-01 11:55:00 CET"""
"1"," ""2007-01-01 11:56:00 CET"""
"1","
"
"1"," [718]"
"1"," ""2007-01-01 11:57:00 CET"""
"1"," ""2007-01-01 11:58:00 CET"""
"1"," ""2007-01-01 11:59:00 CET"""
"1","
"
"1"," [721]"
"1"," ""2007-01-01 12:00:00 CET"""
"1"," ""2007-01-01 12:01:00 CET"""
"1"," ""2007-01-01 12:02:00 CET"""
"1","
"
"1"," [724]"
"1"," ""2007-01-01 12:03:00 CET"""
"1"," ""2007-01-01 12:04:00 CET"""
"1"," ""2007-01-01 12:05:00 CET"""
"1","
"
"1"," [727]"
"1"," ""2007-01-01 12:06:00 CET"""
"1"," ""2007-01-01 12:07:00 CET"""
"1"," ""2007-01-01 12:08:00 CET"""
"1","
"
"1"," [730]"
"1"," ""2007-01-01 12:09:00 CET"""
"1"," ""2007-01-01 12:10:00 CET"""
"1"," ""2007-01-01 12:11:00 CET"""
"1","
"
"1"," [733]"
"1"," ""2007-01-01 12:12:00 CET"""
"1"," ""2007-01-01 12:13:00 CET"""
"1"," ""2007-01-01 12:14:00 CET"""
"1","
"
"1"," [736]"
"1"," ""2007-01-01 12:15:00 CET"""
"1"," ""2007-01-01 12:16:00 CET"""
"1"," ""2007-01-01 12:17:00 CET"""
"1","
"
"1"," [739]"
"1"," ""2007-01-01 12:18:00 CET"""
"1"," ""2007-01-01 12:19:00 CET"""
"1"," ""2007-01-01 12:20:00 CET"""
"1","
"
"1"," [742]"
"1"," ""2007-01-01 12:21:00 CET"""
"1"," ""2007-01-01 12:22:00 CET"""
"1"," ""2007-01-01 12:23:00 CET"""
"1","
"
"1"," [745]"
"1"," ""2007-01-01 12:24:00 CET"""
"1"," ""2007-01-01 12:25:00 CET"""
"1"," ""2007-01-01 12:26:00 CET"""
"1","
"
"1"," [748]"
"1"," ""2007-01-01 12:27:00 CET"""
"1"," ""2007-01-01 12:28:00 CET"""
"1"," ""2007-01-01 12:29:00 CET"""
"1","
"
"1"," [751]"
"1"," ""2007-01-01 12:30:00 CET"""
"1"," ""2007-01-01 12:31:00 CET"""
"1"," ""2007-01-01 12:32:00 CET"""
"1","
"
"1"," [754]"
"1"," ""2007-01-01 12:33:00 CET"""
"1"," ""2007-01-01 12:34:00 CET"""
"1"," ""2007-01-01 12:35:00 CET"""
"1","
"
"1"," [757]"
"1"," ""2007-01-01 12:36:00 CET"""
"1"," ""2007-01-01 12:37:00 CET"""
"1"," ""2007-01-01 12:38:00 CET"""
"1","
"
"1"," [760]"
"1"," ""2007-01-01 12:39:00 CET"""
"1"," ""2007-01-01 12:40:00 CET"""
"1"," ""2007-01-01 12:41:00 CET"""
"1","
"
"1"," [763]"
"1"," ""2007-01-01 12:42:00 CET"""
"1"," ""2007-01-01 12:43:00 CET"""
"1"," ""2007-01-01 12:44:00 CET"""
"1","
"
"1"," [766]"
"1"," ""2007-01-01 12:45:00 CET"""
"1"," ""2007-01-01 12:46:00 CET"""
"1"," ""2007-01-01 12:47:00 CET"""
"1","
"
"1"," [769]"
"1"," ""2007-01-01 12:48:00 CET"""
"1"," ""2007-01-01 12:49:00 CET"""
"1"," ""2007-01-01 12:50:00 CET"""
"1","
"
"1"," [772]"
"1"," ""2007-01-01 12:51:00 CET"""
"1"," ""2007-01-01 12:52:00 CET"""
"1"," ""2007-01-01 12:53:00 CET"""
"1","
"
"1"," [775]"
"1"," ""2007-01-01 12:54:00 CET"""
"1"," ""2007-01-01 12:55:00 CET"""
"1"," ""2007-01-01 12:56:00 CET"""
"1","
"
"1"," [778]"
"1"," ""2007-01-01 12:57:00 CET"""
"1"," ""2007-01-01 12:58:00 CET"""
"1"," ""2007-01-01 12:59:00 CET"""
"1","
"
"1"," [781]"
"1"," ""2007-01-01 13:00:00 CET"""
"1"," ""2007-01-01 13:01:00 CET"""
"1"," ""2007-01-01 13:02:00 CET"""
"1","
"
"1"," [784]"
"1"," ""2007-01-01 13:03:00 CET"""
"1"," ""2007-01-01 13:04:00 CET"""
"1"," ""2007-01-01 13:05:00 CET"""
"1","
"
"1"," [787]"
"1"," ""2007-01-01 13:06:00 CET"""
"1"," ""2007-01-01 13:07:00 CET"""
"1"," ""2007-01-01 13:08:00 CET"""
"1","
"
"1"," [790]"
"1"," ""2007-01-01 13:09:00 CET"""
"1"," ""2007-01-01 13:10:00 CET"""
"1"," ""2007-01-01 13:11:00 CET"""
"1","
"
"1"," [793]"
"1"," ""2007-01-01 13:12:00 CET"""
"1"," ""2007-01-01 13:13:00 CET"""
"1"," ""2007-01-01 13:14:00 CET"""
"1","
"
"1"," [796]"
"1"," ""2007-01-01 13:15:00 CET"""
"1"," ""2007-01-01 13:16:00 CET"""
"1"," ""2007-01-01 13:17:00 CET"""
"1","
"
"1"," [799]"
"1"," ""2007-01-01 13:18:00 CET"""
"1"," ""2007-01-01 13:19:00 CET"""
"1"," ""2007-01-01 13:20:00 CET"""
"1","
"
"1"," [802]"
"1"," ""2007-01-01 13:21:00 CET"""
"1"," ""2007-01-01 13:22:00 CET"""
"1"," ""2007-01-01 13:23:00 CET"""
"1","
"
"1"," [805]"
"1"," ""2007-01-01 13:24:00 CET"""
"1"," ""2007-01-01 13:25:00 CET"""
"1"," ""2007-01-01 13:26:00 CET"""
"1","
"
"1"," [808]"
"1"," ""2007-01-01 13:27:00 CET"""
"1"," ""2007-01-01 13:28:00 CET"""
"1"," ""2007-01-01 13:29:00 CET"""
"1","
"
"1"," [811]"
"1"," ""2007-01-01 13:30:00 CET"""
"1"," ""2007-01-01 13:31:00 CET"""
"1"," ""2007-01-01 13:32:00 CET"""
"1","
"
"1"," [814]"
"1"," ""2007-01-01 13:33:00 CET"""
"1"," ""2007-01-01 13:34:00 CET"""
"1"," ""2007-01-01 13:35:00 CET"""
"1","
"
"1"," [817]"
"1"," ""2007-01-01 13:36:00 CET"""
"1"," ""2007-01-01 13:37:00 CET"""
"1"," ""2007-01-01 13:38:00 CET"""
"1","
"
"1"," [820]"
"1"," ""2007-01-01 13:39:00 CET"""
"1"," ""2007-01-01 13:40:00 CET"""
"1"," ""2007-01-01 13:41:00 CET"""
"1","
"
"1"," [823]"
"1"," ""2007-01-01 13:42:00 CET"""
"1"," ""2007-01-01 13:43:00 CET"""
"1"," ""2007-01-01 13:44:00 CET"""
"1","
"
"1"," [826]"
"1"," ""2007-01-01 13:45:00 CET"""
"1"," ""2007-01-01 13:46:00 CET"""
"1"," ""2007-01-01 13:47:00 CET"""
"1","
"
"1"," [829]"
"1"," ""2007-01-01 13:48:00 CET"""
"1"," ""2007-01-01 13:49:00 CET"""
"1"," ""2007-01-01 13:50:00 CET"""
"1","
"
"1"," [832]"
"1"," ""2007-01-01 13:51:00 CET"""
"1"," ""2007-01-01 13:52:00 CET"""
"1"," ""2007-01-01 13:53:00 CET"""
"1","
"
"1"," [835]"
"1"," ""2007-01-01 13:54:00 CET"""
"1"," ""2007-01-01 13:55:00 CET"""
"1"," ""2007-01-01 13:56:00 CET"""
"1","
"
"1"," [838]"
"1"," ""2007-01-01 13:57:00 CET"""
"1"," ""2007-01-01 13:58:00 CET"""
"1"," ""2007-01-01 13:59:00 CET"""
"1","
"
"1"," [841]"
"1"," ""2007-01-01 14:00:00 CET"""
"1"," ""2007-01-01 14:01:00 CET"""
"1"," ""2007-01-01 14:02:00 CET"""
"1","
"
"1"," [844]"
"1"," ""2007-01-01 14:03:00 CET"""
"1"," ""2007-01-01 14:04:00 CET"""
"1"," ""2007-01-01 14:05:00 CET"""
"1","
"
"1"," [847]"
"1"," ""2007-01-01 14:06:00 CET"""
"1"," ""2007-01-01 14:07:00 CET"""
"1"," ""2007-01-01 14:08:00 CET"""
"1","
"
"1"," [850]"
"1"," ""2007-01-01 14:09:00 CET"""
"1"," ""2007-01-01 14:10:00 CET"""
"1"," ""2007-01-01 14:11:00 CET"""
"1","
"
"1"," [853]"
"1"," ""2007-01-01 14:12:00 CET"""
"1"," ""2007-01-01 14:13:00 CET"""
"1"," ""2007-01-01 14:14:00 CET"""
"1","
"
"1"," [856]"
"1"," ""2007-01-01 14:15:00 CET"""
"1"," ""2007-01-01 14:16:00 CET"""
"1"," ""2007-01-01 14:17:00 CET"""
"1","
"
"1"," [859]"
"1"," ""2007-01-01 14:18:00 CET"""
"1"," ""2007-01-01 14:19:00 CET"""
"1"," ""2007-01-01 14:20:00 CET"""
"1","
"
"1"," [862]"
"1"," ""2007-01-01 14:21:00 CET"""
"1"," ""2007-01-01 14:22:00 CET"""
"1"," ""2007-01-01 14:23:00 CET"""
"1","
"
"1"," [865]"
"1"," ""2007-01-01 14:24:00 CET"""
"1"," ""2007-01-01 14:25:00 CET"""
"1"," ""2007-01-01 14:26:00 CET"""
"1","
"
"1"," [868]"
"1"," ""2007-01-01 14:27:00 CET"""
"1"," ""2007-01-01 14:28:00 CET"""
"1"," ""2007-01-01 14:29:00 CET"""
"1","
"
"1"," [871]"
"1"," ""2007-01-01 14:30:00 CET"""
"1"," ""2007-01-01 14:31:00 CET"""
"1"," ""2007-01-01 14:32:00 CET"""
"1","
"
"1"," [874]"
"1"," ""2007-01-01 14:33:00 CET"""
"1"," ""2007-01-01 14:34:00 CET"""
"1"," ""2007-01-01 14:35:00 CET"""
"1","
"
"1"," [877]"
"1"," ""2007-01-01 14:36:00 CET"""
"1"," ""2007-01-01 14:37:00 CET"""
"1"," ""2007-01-01 14:38:00 CET"""
"1","
"
"1"," [880]"
"1"," ""2007-01-01 14:39:00 CET"""
"1"," ""2007-01-01 14:40:00 CET"""
"1"," ""2007-01-01 14:41:00 CET"""
"1","
"
"1"," [883]"
"1"," ""2007-01-01 14:42:00 CET"""
"1"," ""2007-01-01 14:43:00 CET"""
"1"," ""2007-01-01 14:44:00 CET"""
"1","
"
"1"," [886]"
"1"," ""2007-01-01 14:45:00 CET"""
"1"," ""2007-01-01 14:46:00 CET"""
"1"," ""2007-01-01 14:47:00 CET"""
"1","
"
"1"," [889]"
"1"," ""2007-01-01 14:48:00 CET"""
"1"," ""2007-01-01 14:49:00 CET"""
"1"," ""2007-01-01 14:50:00 CET"""
"1","
"
"1"," [892]"
"1"," ""2007-01-01 14:51:00 CET"""
"1"," ""2007-01-01 14:52:00 CET"""
"1"," ""2007-01-01 14:53:00 CET"""
"1","
"
"1"," [895]"
"1"," ""2007-01-01 14:54:00 CET"""
"1"," ""2007-01-01 14:55:00 CET"""
"1"," ""2007-01-01 14:56:00 CET"""
"1","
"
"1"," [898]"
"1"," ""2007-01-01 14:57:00 CET"""
"1"," ""2007-01-01 14:58:00 CET"""
"1"," ""2007-01-01 14:59:00 CET"""
"1","
"
"1"," [901]"
"1"," ""2007-01-01 15:00:00 CET"""
"1"," ""2007-01-01 15:01:00 CET"""
"1"," ""2007-01-01 15:02:00 CET"""
"1","
"
"1"," [904]"
"1"," ""2007-01-01 15:03:00 CET"""
"1"," ""2007-01-01 15:04:00 CET"""
"1"," ""2007-01-01 15:05:00 CET"""
"1","
"
"1"," [907]"
"1"," ""2007-01-01 15:06:00 CET"""
"1"," ""2007-01-01 15:07:00 CET"""
"1"," ""2007-01-01 15:08:00 CET"""
"1","
"
"1"," [910]"
"1"," ""2007-01-01 15:09:00 CET"""
"1"," ""2007-01-01 15:10:00 CET"""
"1"," ""2007-01-01 15:11:00 CET"""
"1","
"
"1"," [913]"
"1"," ""2007-01-01 15:12:00 CET"""
"1"," ""2007-01-01 15:13:00 CET"""
"1"," ""2007-01-01 15:14:00 CET"""
"1","
"
"1"," [916]"
"1"," ""2007-01-01 15:15:00 CET"""
"1"," ""2007-01-01 15:16:00 CET"""
"1"," ""2007-01-01 15:17:00 CET"""
"1","
"
"1"," [919]"
"1"," ""2007-01-01 15:18:00 CET"""
"1"," ""2007-01-01 15:19:00 CET"""
"1"," ""2007-01-01 15:20:00 CET"""
"1","
"
"1"," [922]"
"1"," ""2007-01-01 15:21:00 CET"""
"1"," ""2007-01-01 15:22:00 CET"""
"1"," ""2007-01-01 15:23:00 CET"""
"1","
"
"1"," [925]"
"1"," ""2007-01-01 15:24:00 CET"""
"1"," ""2007-01-01 15:25:00 CET"""
"1"," ""2007-01-01 15:26:00 CET"""
"1","
"
"1"," [928]"
"1"," ""2007-01-01 15:27:00 CET"""
"1"," ""2007-01-01 15:28:00 CET"""
"1"," ""2007-01-01 15:29:00 CET"""
"1","
"
"1"," [931]"
"1"," ""2007-01-01 15:30:00 CET"""
"1"," ""2007-01-01 15:31:00 CET"""
"1"," ""2007-01-01 15:32:00 CET"""
"1","
"
"1"," [934]"
"1"," ""2007-01-01 15:33:00 CET"""
"1"," ""2007-01-01 15:34:00 CET"""
"1"," ""2007-01-01 15:35:00 CET"""
"1","
"
"1"," [937]"
"1"," ""2007-01-01 15:36:00 CET"""
"1"," ""2007-01-01 15:37:00 CET"""
"1"," ""2007-01-01 15:38:00 CET"""
"1","
"
"1"," [940]"
"1"," ""2007-01-01 15:39:00 CET"""
"1"," ""2007-01-01 15:40:00 CET"""
"1"," ""2007-01-01 15:41:00 CET"""
"1","
"
"1"," [943]"
"1"," ""2007-01-01 15:42:00 CET"""
"1"," ""2007-01-01 15:43:00 CET"""
"1"," ""2007-01-01 15:44:00 CET"""
"1","
"
"1"," [946]"
"1"," ""2007-01-01 15:45:00 CET"""
"1"," ""2007-01-01 15:46:00 CET"""
"1"," ""2007-01-01 15:47:00 CET"""
"1","
"
"1"," [949]"
"1"," ""2007-01-01 15:48:00 CET"""
"1"," ""2007-01-01 15:49:00 CET"""
"1"," ""2007-01-01 15:50:00 CET"""
"1","
"
"1"," [952]"
"1"," ""2007-01-01 15:51:00 CET"""
"1"," ""2007-01-01 15:52:00 CET"""
"1"," ""2007-01-01 15:53:00 CET"""
"1","
"
"1"," [955]"
"1"," ""2007-01-01 15:54:00 CET"""
"1"," ""2007-01-01 15:55:00 CET"""
"1"," ""2007-01-01 15:56:00 CET"""
"1","
"
"1"," [958]"
"1"," ""2007-01-01 15:57:00 CET"""
"1"," ""2007-01-01 15:58:00 CET"""
"1"," ""2007-01-01 15:59:00 CET"""
"1","
"
"1"," [961]"
"1"," ""2007-01-01 16:00:00 CET"""
"1"," ""2007-01-01 16:01:00 CET"""
"1"," ""2007-01-01 16:02:00 CET"""
"1","
"
"1"," [964]"
"1"," ""2007-01-01 16:03:00 CET"""
"1"," ""2007-01-01 16:04:00 CET"""
"1"," ""2007-01-01 16:05:00 CET"""
"1","
"
"1"," [967]"
"1"," ""2007-01-01 16:06:00 CET"""
"1"," ""2007-01-01 16:07:00 CET"""
"1"," ""2007-01-01 16:08:00 CET"""
"1","
"
"1"," [970]"
"1"," ""2007-01-01 16:09:00 CET"""
"1"," ""2007-01-01 16:10:00 CET"""
"1"," ""2007-01-01 16:11:00 CET"""
"1","
"
"1"," [973]"
"1"," ""2007-01-01 16:12:00 CET"""
"1"," ""2007-01-01 16:13:00 CET"""
"1"," ""2007-01-01 16:14:00 CET"""
"1","
"
"1"," [976]"
"1"," ""2007-01-01 16:15:00 CET"""
"1"," ""2007-01-01 16:16:00 CET"""
"1"," ""2007-01-01 16:17:00 CET"""
"1","
"
"1"," [979]"
"1"," ""2007-01-01 16:18:00 CET"""
"1"," ""2007-01-01 16:19:00 CET"""
"1"," ""2007-01-01 16:20:00 CET"""
"1","
"
"1"," [982]"
"1"," ""2007-01-01 16:21:00 CET"""
"1"," ""2007-01-01 16:22:00 CET"""
"1"," ""2007-01-01 16:23:00 CET"""
"1","
"
"1"," [985]"
"1"," ""2007-01-01 16:24:00 CET"""
"1"," ""2007-01-01 16:25:00 CET"""
"1"," ""2007-01-01 16:26:00 CET"""
"1","
"
"1"," [988]"
"1"," ""2007-01-01 16:27:00 CET"""
"1"," ""2007-01-01 16:28:00 CET"""
"1"," ""2007-01-01 16:29:00 CET"""
"1","
"
"1"," [991]"
"1"," ""2007-01-01 16:30:00 CET"""
"1"," ""2007-01-01 16:31:00 CET"""
"1"," ""2007-01-01 16:32:00 CET"""
"1","
"
"1"," [994]"
"1"," ""2007-01-01 16:33:00 CET"""
"1"," ""2007-01-01 16:34:00 CET"""
"1"," ""2007-01-01 16:35:00 CET"""
"1","
"
"1"," [997]"
"1"," ""2007-01-01 16:36:00 CET"""
"1"," ""2007-01-01 16:37:00 CET"""
"1"," ""2007-01-01 16:38:00 CET"""
"1","
"
"1","[1000]"
"1"," ""2007-01-01 16:39:00 CET"""
"1","
"
"1"," [ reached 'max' / getOption(""max.print"") -- omitted"
"1"," "
"1","2026048"
"1"," "
"1","entries ]
"
